﻿<?xml version="1.0"?>
<!-- <!DOCTYPE Chapters SYSTEM "matroskachapters.dtd"> -->
<Chapters>
  <EditionEntry>
    <EditionFlagHidden>0</EditionFlagHidden>
    <EditionFlagDefault>0</EditionFlagDefault>
    <EditionUID>14592291858698978759</EditionUID>
    <ChapterAtom>
      <ChapterUID>3473338302234306811</ChapterUID>
      <ChapterTimeStart>00:00:00.000000000</ChapterTimeStart>
      <ChapterFlagHidden>0</ChapterFlagHidden>
      <ChapterFlagEnabled>1</ChapterFlagEnabled>
      <ChapterDisplay>
        <ChapterString>Chapter 01</ChapterString>
        <ChapterLanguage>eng</ChapterLanguage>
        <ChapLanguageIETF>en</ChapLanguageIETF>
      </ChapterDisplay>
    </ChapterAtom>
    <ChapterAtom>
      <ChapterUID>14672710442774577694</ChapterUID>
      <ChapterTimeStart>00:09:54.260000000</ChapterTimeStart>
      <ChapterFlagHidden>0</ChapterFlagHidden>
      <ChapterFlagEnabled>1</ChapterFlagEnabled>
      <ChapterDisplay>
        <ChapterString>Chapter 02</ChapterString>
        <ChapterLanguage>eng</ChapterLanguage>
        <ChapLanguageIETF>en</ChapLanguageIETF>
      </ChapterDisplay>
    </ChapterAtom>
    <ChapterAtom>
      <ChapterUID>2595456526029875806</ChapterUID>
      <ChapterTimeStart>00:22:45.614000000</ChapterTimeStart>
      <ChapterFlagHidden>0</ChapterFlagHidden>
      <ChapterFlagEnabled>1</ChapterFlagEnabled>
      <ChapterDisplay>
        <ChapterString>Chapter 03</ChapterString>
        <ChapterLanguage>eng</ChapterLanguage>
        <ChapLanguageIETF>en</ChapLanguageIETF>
      </ChapterDisplay>
    </ChapterAtom>
    <ChapterAtom>
      <ChapterUID>15702213284685727795</ChapterUID>
      <ChapterTimeStart>00:31:28.804000000</ChapterTimeStart>
      <ChapterFlagHidden>0</ChapterFlagHidden>
      <ChapterFlagEnabled>1</ChapterFlagEnabled>
      <ChapterDisplay>
        <ChapterString>Chapter 04</ChapterString>
        <ChapterLanguage>eng</ChapterLanguage>
        <ChapLanguageIETF>en</ChapLanguageIETF>
      </ChapterDisplay>
    </ChapterAtom>
    <ChapterAtom>
      <ChapterUID>6531890482398816040</ChapterUID>
      <ChapterTimeStart>00:41:46.838000000</ChapterTimeStart>
      <ChapterFlagHidden>0</ChapterFlagHidden>
      <ChapterFlagEnabled>1</ChapterFlagEnabled>
      <ChapterDisplay>
        <ChapterString>Chapter 05</ChapterString>
        <ChapterLanguage>eng</ChapterLanguage>
        <ChapLanguageIETF>en</ChapLanguageIETF>
      </ChapterDisplay>
    </ChapterAtom>
    <ChapterAtom>
      <ChapterUID>3126076681428803447</ChapterUID>
      <ChapterTimeStart>00:49:04.650000000</ChapterTimeStart>
      <ChapterFlagHidden>0</ChapterFlagHidden>
      <ChapterFlagEnabled>1</ChapterFlagEnabled>
      <ChapterDisplay>
        <ChapterString>Chapter 06</ChapterString>
        <ChapterLanguage>eng</ChapterLanguage>
        <ChapLanguageIETF>en</ChapLanguageIETF>
      </ChapterDisplay>
    </ChapterAtom>
    <ChapterAtom>
      <ChapterUID>17050836567690333968</ChapterUID>
      <ChapterTimeStart>00:59:49.795000000</ChapterTimeStart>
      <ChapterFlagHidden>0</ChapterFlagHidden>
      <ChapterFlagEnabled>1</ChapterFlagEnabled>
      <ChapterDisplay>
        <ChapterString>Chapter 07</ChapterString>
        <ChapterLanguage>eng</ChapterLanguage>
        <ChapLanguageIETF>en</ChapLanguageIETF>
      </ChapterDisplay>
    </ChapterAtom>
    <ChapterAtom>
      <ChapterUID>16401292184147443279</ChapterUID>
      <ChapterTimeStart>01:14:53.364000000</ChapterTimeStart>
      <ChapterFlagHidden>0</ChapterFlagHidden>
      <ChapterFlagEnabled>1</ChapterFlagEnabled>
      <ChapterDisplay>
        <ChapterString>Chapter 08</ChapterString>
        <ChapterLanguage>eng</ChapterLanguage>
        <ChapLanguageIETF>en</ChapLanguageIETF>
      </ChapterDisplay>
    </ChapterAtom>
    <ChapterAtom>
      <ChapterUID>1700951441080368378</ChapterUID>
      <ChapterTimeStart>01:27:14.479000000</ChapterTimeStart>
      <ChapterFlagHidden>0</ChapterFlagHidden>
      <ChapterFlagEnabled>1</ChapterFlagEnabled>
      <ChapterDisplay>
        <ChapterString>Chapter 09</ChapterString>
        <ChapterLanguage>eng</ChapterLanguage>
        <ChapLanguageIETF>en</ChapLanguageIETF>
      </ChapterDisplay>
    </ChapterAtom>
    <ChapterAtom>
      <ChapterUID>4206558482530185503</ChapterUID>
      <ChapterTimeStart>01:34:54.564000000</ChapterTimeStart>
      <ChapterFlagHidden>0</ChapterFlagHidden>
      <ChapterFlagEnabled>1</ChapterFlagEnabled>
      <ChapterDisplay>
        <ChapterString>Chapter 10</ChapterString>
        <ChapterLanguage>eng</ChapterLanguage>
        <ChapLanguageIETF>en</ChapLanguageIETF>
      </ChapterDisplay>
    </ChapterAtom>
  </EditionEntry>
</Chapters>
